{
  "$schema": "https://developer.microsoft.com/json-schemas/fabric/item/report/definition/page/2.0.0/schema.json",
  "name": "992aac1a083480728678",
  "displayName": "Dashboard",
  "displayOption": "FitToPage",
  "height": 720,
  "width": 1280,
  "objects": {
    "background": [
      {
        "properties": {
          "image": {
            "image": {
              "name": {
                "expr": {
                  "Literal": {
                    "Value": "'Screenshot 2023-10-10 143540.png'"
                  }
                }
              },
              "url": {
                "expr": {
                  "ResourcePackageItem": {
                    "PackageName": "RegisteredResources",
                    "PackageType": 1,
                    "ItemName": "Screenshot_2023-10-10_1435407118942277342677.png"
                  }
                }
              },
              "scaling": {
                "expr": {
                  "Literal": {
                    "Value": "'Normal'"
                  }
                }
              }
            }
          },
          "transparency": {
            "expr": {
              "Literal": {
                "Value": "3D"
              }
            }
          },
          "color": {
            "solid": {
              "color": {
                "expr": {
                  "ThemeDataColor": {
                    "ColorId": 8,
                    "Percent": 0.2
                  }
                }
              }
            }
          }
        }
      }
    ],
    "outspace": [
      {
        "properties": {
          "color": {
            "solid": {
              "color": {
                "expr": {
                  "ThemeDataColor": {
                    "ColorId": 1,
                    "Percent": 0
                  }
                }
              }
            }
          }
        }
      }
    ],
    "outspacePane": [
      {
        "properties": {
          "backgroundColor": {
            "solid": {
              "color": {
                "expr": {
                  "ThemeDataColor": {
                    "ColorId": 9,
                    "Percent": -0.25
                  }
                }
              }
            }
          },
          "transparency": {
            "expr": {
              "Literal": {
                "Value": "44D"
              }
            }
          }
        }
      }
    ],
    "filterCard": [
      {
        "properties": {
          "backgroundColor": {
            "solid": {
              "color": {
                "expr": {
                  "ThemeDataColor": {
                    "ColorId": 8,
                    "Percent": 0.4
                  }
                }
              }
            }
          }
        },
        "selector": {
          "id": "Available"
        }
      }
    ]
  },
  "visualInteractions": [
    {
      "source": "200d286a8a9ad9b58e9c",
      "target": "8e3c40581d1de405e764",
      "type": "NoFilter"
    },
    {
      "source": "e9e207565ecaed6d63c5",
      "target": "9e97f9afeb883002952c",
      "type": "DataFilter"
    }
  ]
}