{
  "$schema": "https://developer.microsoft.com/json-schemas/fabric/item/report/definition/report/3.0.0/schema.json",
  "themeCollection": {
    "baseTheme": {
      "name": "CY24SU10",
      "reportVersionAtImport": {
        "visual": "1.8.95",
        "report": "2.0.95",
        "page": "1.3.95"
      },
      "type": "SharedResources"
    },
    "customTheme": {
      "name": "Custom03957814677217186.json",
      "reportVersionAtImport": {
        "visual": "1.8.95",
        "report": "2.0.95",
        "page": "1.3.95"
      },
      "type": "RegisteredResources"
    }
  },
  "objects": {
    "section": [
      {
        "properties": {
          "verticalAlignment": {
            "expr": {
              "Literal": {
                "Value": "'Top'"
              }
            }
          }
        }
      }
    ],
    "outspacePane": [
      {
        "properties": {
          "expanded": {
            "expr": {
              "Literal": {
                "Value": "false"
              }
            }
          }
        }
      }
    ]
  },
  "resourcePackages": [
    {
      "name": "SharedResources",
      "type": "SharedResources",
      "items": [
        {
          "name": "CY24SU10",
          "path": "BaseThemes/CY24SU10.json",
          "type": "BaseTheme"
        }
      ]
    },
    {
      "name": "RegisteredResources",
      "type": "RegisteredResources",
      "items": [
        {
          "name": "istockphoto-1057455004-612x6121276380092897702.png",
          "path": "istockphoto-1057455004-612x6121276380092897702.png",
          "type": "Image"
        },
        {
          "name": "Average_206765261039710335.png",
          "path": "Average_206765261039710335.png",
          "type": "Image"
        },
        {
          "name": "Quanity06247631119596542.png",
          "path": "Quanity06247631119596542.png",
          "type": "Image"
        },
        {
          "name": "Transactions8435316752871673.png",
          "path": "Transactions8435316752871673.png",
          "type": "Image"
        },
        {
          "name": "Filter06660281998579598.png",
          "path": "Filter06660281998579598.png",
          "type": "Image"
        },
        {
          "name": "Average03263550034008511.png",
          "path": "Average03263550034008511.png",
          "type": "Image"
        },
        {
          "name": "Custom03957814677217186.json",
          "path": "Custom03957814677217186.json",
          "type": "CustomTheme"
        },
        {
          "name": "Screenshot_2023-10-10_1435407118942277342677.png",
          "path": "Screenshot_2023-10-10_1435407118942277342677.png",
          "type": "Image"
        },
        {
          "name": "Screenshot_2023-10-10_1435408354418225803736.png",
          "path": "Screenshot_2023-10-10_1435408354418225803736.png",
          "type": "Image"
        },
        {
          "name": "Screenshot_2023-10-10_1435409374528676224437.png",
          "path": "Screenshot_2023-10-10_1435409374528676224437.png",
          "type": "Image"
        }
      ]
    }
  ],
  "settings": {
    "useStylableVisualContainerHeader": true,
    "exportDataMode": "AllowSummarized",
    "defaultDrillFilterOtherVisuals": true,
    "allowChangeFilterTypes": true,
    "useEnhancedTooltips": true,
    "useDefaultAggregateDisplayName": true
  }
}