{
  "$schema": "https://developer.microsoft.com/json-schemas/fabric/item/report/definition/visualContainer/2.4.0/schema.json",
  "name": "c2c2a280c1c129cc38ea",
  "position": {
    "x": 156.25,
    "y": 6.25,
    "z": 11000,
    "height": 63.75,
    "width": 162.5,
    "tabOrder": 11000
  },
  "visual": {
    "visualType": "textbox",
    "objects": {
      "general": [
        {
          "properties": {
            "paragraphs": [
              {
                "textRuns": [
                  {
                    "value": "MOBILE SALES ",
                    "textStyle": {
                      "fontWeight": "bold",
                      "fontSize": "14pt"
                    }
                  }
                ],
                "horizontalTextAlignment": "center"
              },
              {
                "textRuns": [
                  {
                    "value": "DASHBOARD",
                    "textStyle": {
                      "fontWeight": "bold",
                      "fontSize": "14pt"
                    }
                  }
                ],
                "horizontalTextAlignment": "center"
              }
            ]
          }
        }
      ]
    },
    "drillFilterOtherVisuals": true
  }
}