{
  "$schema": "https://developer.microsoft.com/json-schemas/fabric/item/report/definition/page/2.0.0/schema.json",
  "name": "3435e251a9c443c37106",
  "displayName": "Same Period Last Year",
  "displayOption": "FitToPage",
  "height": 720,
  "width": 1280,
  "objects": {
    "background": [
      {
        "properties": {
          "image": {
            "image": {
              "name": {
                "expr": {
                  "Literal": {
                    "Value": "'Screenshot 2023-10-10 143540.png'"
                  }
                }
              },
              "url": {
                "expr": {
                  "ResourcePackageItem": {
                    "PackageName": "RegisteredResources",
                    "PackageType": 1,
                    "ItemName": "Screenshot_2023-10-10_1435409374528676224437.png"
                  }
                }
              },
              "scaling": {
                "expr": {
                  "Literal": {
                    "Value": "'Normal'"
                  }
                }
              }
            }
          },
          "transparency": {
            "expr": {
              "Literal": {
                "Value": "3D"
              }
            }
          },
          "color": {
            "solid": {
              "color": {
                "expr": {
                  "Literal": {
                    "Value": "'#019CD2'"
                  }
                }
              }
            }
          }
        }
      }
    ]
  },
  "visualInteractions": [
    {
      "source": "621622be6d39c56e23cb",
      "target": "d91b2d6b57d10003e1e4",
      "type": "NoFilter"
    },
    {
      "source": "621622be6d39c56e23cb",
      "target": "35d39cce26bae307c000",
      "type": "NoFilter"
    }
  ]
}