{
  "$schema": "https://developer.microsoft.com/json-schemas/fabric/item/report/definition/visualContainer/2.4.0/schema.json",
  "name": "4a9e6d01427e3a712615",
  "position": {
    "x": 132.5,
    "y": 73.75,
    "z": 3000,
    "height": 100,
    "width": 1147.5,
    "tabOrder": 3000
  },
  "visual": {
    "visualType": "cardVisual",
    "query": {
      "queryState": {
        "Data": {
          "projections": [
            {
              "field": {
                "Measure": {
                  "Expression": {
                    "SourceRef": {
                      "Entity": "Sales_Data"
                    }
                  },
                  "Property": "Total_Sales"
                }
              },
              "queryRef": "Sales_Data.Total_Sales",
              "nativeQueryRef": "Total_Sales"
            },
            {
              "field": {
                "Measure": {
                  "Expression": {
                    "SourceRef": {
                      "Entity": "Sales_Data"
                    }
                  },
                  "Property": "Total_Quantity"
                }
              },
              "queryRef": "Sales_Data.Total_Quantity",
              "nativeQueryRef": "Total_Quantity"
            },
            {
              "field": {
                "Measure": {
                  "Expression": {
                    "SourceRef": {
                      "Entity": "Sales_Data"
                    }
                  },
                  "Property": "Transactions"
                }
              },
              "queryRef": "Sales_Data.Transactions",
              "nativeQueryRef": "Transactions"
            },
            {
              "field": {
                "Measure": {
                  "Expression": {
                    "SourceRef": {
                      "Entity": "Sales_Data"
                    }
                  },
                  "Property": "Average_Price"
                }
              },
              "queryRef": "Sales_Data.Average_Price",
              "nativeQueryRef": "Average_Price"
            }
          ]
        }
      },
      "sortDefinition": {
        "sort": [
          {
            "field": {
              "Measure": {
                "Expression": {
                  "SourceRef": {
                    "Entity": "Sales_Data"
                  }
                },
                "Property": "Total_Sales"
              }
            },
            "direction": "Descending"
          }
        ],
        "isDefaultSort": true
      }
    },
    "objects": {
      "layout": [
        {
          "properties": {
            "maxTiles": {
              "expr": {
                "Literal": {
                  "Value": "4L"
                }
              }
            },
            "cellPadding": {
              "expr": {
                "Literal": {
                  "Value": "4L"
                }
              }
            }
          }
        }
      ],
      "value": [
        {
          "properties": {
            "fontSize": {
              "expr": {
                "Literal": {
                  "Value": "30D"
                }
              }
            }
          },
          "selector": {
            "id": "default"
          }
        }
      ],
      "shapeCustomRectangle": [
        {
          "properties": {
            "tileShape": {
              "expr": {
                "Literal": {
                  "Value": "'rectangleRoundedByPixel'"
                }
              }
            },
            "rectangleRoundedCurve": {
              "expr": {
                "Literal": {
                  "Value": "10L"
                }
              }
            }
          },
          "selector": {
            "id": "default"
          }
        }
      ],
      "spacing": [
        {
          "properties": {
            "verticalSpacing": {
              "expr": {
                "Literal": {
                  "Value": "8L"
                }
              }
            }
          },
          "selector": {
            "id": "default"
          }
        }
      ],
      "accentBar": [
        {
          "properties": {
            "show": {
              "expr": {
                "Literal": {
                  "Value": "true"
                }
              }
            },
            "color": {
              "solid": {
                "color": {
                  "expr": {
                    "ThemeDataColor": {
                      "ColorId": 8,
                      "Percent": 0.2
                    }
                  }
                }
              }
            },
            "width": {
              "expr": {
                "Literal": {
                  "Value": "6D"
                }
              }
            }
          },
          "selector": {
            "id": "default"
          }
        }
      ],
      "image": [
        {
          "properties": {
            "show": {
              "expr": {
                "Literal": {
                  "Value": "true"
                }
              }
            },
            "image": {
              "image": {
                "name": {
                  "expr": {
                    "Literal": {
                      "Value": "'Average 2.png'"
                    }
                  }
                },
                "url": {
                  "expr": {
                    "ResourcePackageItem": {
                      "PackageName": "RegisteredResources",
                      "PackageType": 1,
                      "ItemName": "Average_206765261039710335.png"
                    }
                  }
                },
                "scaling": {
                  "expr": {
                    "Literal": {
                      "Value": "'Normal'"
                    }
                  }
                }
              }
            },
            "size": {
              "expr": {
                "Literal": {
                  "Value": "80L"
                }
              }
            }
          },
          "selector": {
            "metadata": "Sales_Data.Total_Sales"
          }
        },
        {
          "properties": {
            "show": {
              "expr": {
                "Literal": {
                  "Value": "true"
                }
              }
            },
            "image": {
              "image": {
                "name": {
                  "expr": {
                    "Literal": {
                      "Value": "'Quanity.png'"
                    }
                  }
                },
                "url": {
                  "expr": {
                    "ResourcePackageItem": {
                      "PackageName": "RegisteredResources",
                      "PackageType": 1,
                      "ItemName": "Quanity06247631119596542.png"
                    }
                  }
                },
                "scaling": {
                  "expr": {
                    "Literal": {
                      "Value": "'Normal'"
                    }
                  }
                }
              }
            },
            "size": {
              "expr": {
                "Literal": {
                  "Value": "80L"
                }
              }
            }
          },
          "selector": {
            "metadata": "Sales_Data.Total_Quantity"
          }
        },
        {
          "properties": {
            "show": {
              "expr": {
                "Literal": {
                  "Value": "true"
                }
              }
            },
            "image": {
              "image": {
                "name": {
                  "expr": {
                    "Literal": {
                      "Value": "'Transactions.png'"
                    }
                  }
                },
                "url": {
                  "expr": {
                    "ResourcePackageItem": {
                      "PackageName": "RegisteredResources",
                      "PackageType": 1,
                      "ItemName": "Transactions8435316752871673.png"
                    }
                  }
                },
                "scaling": {
                  "expr": {
                    "Literal": {
                      "Value": "'Normal'"
                    }
                  }
                }
              }
            },
            "size": {
              "expr": {
                "Literal": {
                  "Value": "80L"
                }
              }
            }
          },
          "selector": {
            "metadata": "Sales_Data.Transactions"
          }
        },
        {
          "properties": {
            "show": {
              "expr": {
                "Literal": {
                  "Value": "true"
                }
              }
            },
            "image": {
              "image": {
                "name": {
                  "expr": {
                    "Literal": {
                      "Value": "'Average.png'"
                    }
                  }
                },
                "url": {
                  "expr": {
                    "ResourcePackageItem": {
                      "PackageName": "RegisteredResources",
                      "PackageType": 1,
                      "ItemName": "Average03263550034008511.png"
                    }
                  }
                },
                "scaling": {
                  "expr": {
                    "Literal": {
                      "Value": "'Normal'"
                    }
                  }
                }
              }
            },
            "size": {
              "expr": {
                "Literal": {
                  "Value": "70L"
                }
              }
            }
          },
          "selector": {
            "metadata": "Sales_Data.Average_Price"
          }
        }
      ]
    },
    "visualContainerObjects": {
      "background": [
        {
          "properties": {
            "show": {
              "expr": {
                "Literal": {
                  "Value": "false"
                }
              }
            }
          }
        }
      ]
    },
    "drillFilterOtherVisuals": true
  }
}