{
  "$schema": "https://developer.microsoft.com/json-schemas/fabric/item/report/definition/visualContainer/2.4.0/schema.json",
  "name": "b2345fcfdbd34e045393",
  "position": {
    "x": 144,
    "y": 0,
    "z": 13000,
    "height": 80,
    "width": 192,
    "tabOrder": 13000
  },
  "visual": {
    "visualType": "textbox",
    "objects": {
      "general": [
        {
          "properties": {
            "paragraphs": [
              {
                "textRuns": [
                  {
                    "value": "MOBILE SALES ",
                    "textStyle": {
                      "fontWeight": "bold",
                      "fontFamily": "Georgia",
                      "fontSize": "16pt"
                    }
                  }
                ],
                "horizontalTextAlignment": "center"
              },
              {
                "textRuns": [
                  {
                    "value": "DASHBOARD",
                    "textStyle": {
                      "fontWeight": "bold",
                      "fontFamily": "Georgia",
                      "fontSize": "16pt"
                    }
                  }
                ],
                "horizontalTextAlignment": "center"
              }
            ]
          }
        }
      ]
    },
    "visualContainerObjects": {
      "background": [
        {
          "properties": {
            "color": {
              "solid": {
                "color": {
                  "expr": {
                    "ThemeDataColor": {
                      "ColorId": 8,
                      "Percent": 0.6
                    }
                  }
                }
              }
            }
          }
        }
      ]
    },
    "drillFilterOtherVisuals": true
  }
}