{
  "$schema": "https://developer.microsoft.com/json-schemas/fabric/item/report/definition/visualContainer/2.4.0/schema.json",
  "name": "435970d2ce68bc4b3b0d",
  "position": {
    "x": 997.5,
    "y": 3.75,
    "z": 6000,
    "height": 71.25,
    "width": 272.5,
    "tabOrder": 6000
  },
  "visual": {
    "visualType": "slicer",
    "query": {
      "queryState": {
        "Values": {
          "projections": [
            {
              "field": {
                "HierarchyLevel": {
                  "Expression": {
                    "Hierarchy": {
                      "Expression": {
                        "PropertyVariationSource": {
                          "Expression": {
                            "SourceRef": {
                              "Entity": "Custom_Calendar"
                            }
                          },
                          "Name": "Variation",
                          "Property": "Date"
                        }
                      },
                      "Hierarchy": "Date Hierarchy"
                    }
                  },
                  "Level": "Year"
                }
              },
              "queryRef": "Custom_Calendar.Date.Variation.Date Hierarchy.Year",
              "nativeQueryRef": "Date Year",
              "active": true
            },
            {
              "field": {
                "HierarchyLevel": {
                  "Expression": {
                    "Hierarchy": {
                      "Expression": {
                        "PropertyVariationSource": {
                          "Expression": {
                            "SourceRef": {
                              "Entity": "Custom_Calendar"
                            }
                          },
                          "Name": "Variation",
                          "Property": "Date"
                        }
                      },
                      "Hierarchy": "Date Hierarchy"
                    }
                  },
                  "Level": "Quarter"
                }
              },
              "queryRef": "Custom_Calendar.Date.Variation.Date Hierarchy.Quarter",
              "nativeQueryRef": "Date Quarter",
              "active": false
            },
            {
              "field": {
                "HierarchyLevel": {
                  "Expression": {
                    "Hierarchy": {
                      "Expression": {
                        "PropertyVariationSource": {
                          "Expression": {
                            "SourceRef": {
                              "Entity": "Custom_Calendar"
                            }
                          },
                          "Name": "Variation",
                          "Property": "Date"
                        }
                      },
                      "Hierarchy": "Date Hierarchy"
                    }
                  },
                  "Level": "Month"
                }
              },
              "queryRef": "Custom_Calendar.Date.Variation.Date Hierarchy.Month",
              "nativeQueryRef": "Date Month",
              "active": false
            },
            {
              "field": {
                "HierarchyLevel": {
                  "Expression": {
                    "Hierarchy": {
                      "Expression": {
                        "PropertyVariationSource": {
                          "Expression": {
                            "SourceRef": {
                              "Entity": "Custom_Calendar"
                            }
                          },
                          "Name": "Variation",
                          "Property": "Date"
                        }
                      },
                      "Hierarchy": "Date Hierarchy"
                    }
                  },
                  "Level": "Day"
                }
              },
              "queryRef": "Custom_Calendar.Date.Variation.Date Hierarchy.Day",
              "nativeQueryRef": "Date Day",
              "active": false
            }
          ]
        }
      }
    },
    "objects": {
      "data": [
        {
          "properties": {
            "mode": {
              "expr": {
                "Literal": {
                  "Value": "'Dropdown'"
                }
              }
            }
          }
        }
      ],
      "general": [
        {
          "properties": {
            "filter": {
              "filter": {
                "Version": 2,
                "From": [
                  {
                    "Name": "l",
                    "Entity": "LocalDateTable_1bf8d0c5-2a49-4d29-ad5c-01c13e477c1e",
                    "Type": 0
                  }
                ],
                "Where": [
                  {
                    "Condition": {
                      "In": {
                        "Expressions": [
                          {
                            "Column": {
                              "Expression": {
                                "SourceRef": {
                                  "Source": "l"
                                }
                              },
                              "Property": "Year"
                            }
                          }
                        ],
                        "Values": [
                          [
                            {
                              "Literal": {
                                "Value": "2022L"
                              }
                            }
                          ]
                        ]
                      }
                    },
                    "Annotations": {
                      "filterExpressionMetadata": {
                        "expressions": [
                          {
                            "HierarchyLevel": {
                              "Expression": {
                                "Hierarchy": {
                                  "Expression": {
                                    "PropertyVariationSource": {
                                      "Expression": {
                                        "SourceRef": {
                                          "Entity": "Custom_Calendar"
                                        }
                                      },
                                      "Name": "Variation",
                                      "Property": "Date"
                                    }
                                  },
                                  "Hierarchy": "Date Hierarchy"
                                }
                              },
                              "Level": "Year"
                            }
                          }
                        ],
                        "decomposedIdentities": {
                          "values": [
                            [
                              {
                                "0": [
                                  {
                                    "Literal": {
                                      "Value": "2022L"
                                    }
                                  }
                                ]
                              }
                            ]
                          ],
                          "columns": [
                            {
                              "value": {
                                "Column": {
                                  "Expression": {
                                    "SourceRef": {
                                      "Entity": "LocalDateTable_1bf8d0c5-2a49-4d29-ad5c-01c13e477c1e"
                                    }
                                  },
                                  "Property": "Year"
                                }
                              }
                            }
                          ]
                        },
                        "valueMap": [
                          {
                            "0": "2022"
                          }
                        ]
                      }
                    }
                  }
                ]
              }
            }
          }
        }
      ]
    },
    "visualContainerObjects": {
      "border": [
        {
          "properties": {
            "show": {
              "expr": {
                "Literal": {
                  "Value": "true"
                }
              }
            },
            "color": {
              "solid": {
                "color": {
                  "expr": {
                    "Literal": {
                      "Value": "'#019CD2'"
                    }
                  }
                }
              }
            },
            "radius": {
              "expr": {
                "Literal": {
                  "Value": "10D"
                }
              }
            }
          }
        }
      ]
    },
    "drillFilterOtherVisuals": true
  }
}